Metric,Score
Accuracy,0.7525773195876289
Sensitivity,0.6966292134831461
Specificity,0.8
AUC,0.8003210272873195
MCC,0.5001743080271405
